Title ID	Region	Name	PKG direct link	RAP	Content ID	Last 
Modification Date		Download .RAP file	File Size		SHA256	
NPEB01229	EU	Youtube-v3.03-NPEB01229				
http://nopsn.com/pkg/ps3/youtube/Youtube-v3.03-%5BNPEB01229%5D-						
NoPSN.pkg	EP4381-NPEB01229_00-YOUTUBE000000001				EP4381-NPEB01229_00-	
YOUTUBE000000001			51347264			
NPJB00286	JP	Youtube-v3.03-NPJB00286				
http://nopsn.com/pkg/ps3/youtube/Youtube-v3.03-%5BNPJB00286%5D-						
NoPSN.pkg	JA0004-NPJB00286_00-YOUTUBE0000000010				JA0004-NPJB00286_00-	
YOUTUBE0000000010			51347264			
NPUP10028	US	Youtube-v3.03-NPUP10028				
http://nopsn.com/pkg/ps3/youtube/Youtube-v3.03-%5BNPUP10028%5D-						
NoPSN.pkg	UP2075-NPUP10028_00-YOUTUBE0000000010				UP2075-NPUP10028_00-	
YOUTUBE0000000010			51347264			
NPJB00766	JP	Netflix-v1.09-NPJB00766				
http://nopsn.com/pkg/ps3/netflix/Netflix-v1.09-%5BNPJB00766%5D.pkg						
JA0010-NPJB00766_00-NETFLIXRIGEL01JP				JA0010-NPJB00766_00-		
NETFLIXRIGEL01JP			32601888			
NPEB00874	EU	Netflix-v1.21-NPEB00874				
http://nopsn.com/pkg/ps3/netflix/Netflix-v1.21-%5BNPEB00874%5D.pkg						
EP4350-NPEB00874_00-NETFLIXRIGEL01EU				EP4350-NPEB00874_00-		
NETFLIXRIGEL01EU			32601888			
NPUP00030	US	Netflix-v2.34-NPUP00030				
http://nopsn.com/pkg/ps3/netflix/Netflix-v2.34-%5BNPUP00030%5D.pkg						
UT0007-NPUP00030_00-NETFLIXRIGEL01NA				UT0007-NPUP00030_00-		
NETFLIXRIGEL01NA			32601888			
NPEB01229	EU	Youtube-v1.02-v3.03-Spoof				
"http://nopsn.com/pkg/ps3/youtube/Youtube-v1.02-v3.03-Spoof-
%5BNPEB01229%5D-NoPSN-etHANol.pkg EP4381-NPEB01229_00-YOUTUBE000000001"						
EP4381-NPEB01229_00-YOUTUBE000000001					62133024	
NPJB00286	JP	Youtube-v3.03-NPJB00286				
http://nopsn.com/pkg/ps3/youtube/Youtube-v3.03-%5BNPJB00286%5D-						
NoPSHEN.pkg JA0004-NPJB00286_00-YOUTUBE000000001					JA0004-NPJB00286_00-	
YOUTUBE000000001			51347264			
NPUP10028	US	Youtube-v3.03-NPUP10028				
http://nopsn.com/pkg/ps3/youtube/Youtube-v3.03-%5BNPUP10028%5D-						
NoPSHEN.pkg UP2075-NPUP10028_00-YOUTUBE000000001					UP2075-NPUP10028_00-	
YOUTUBE000000001			51347264			
NPEB00344	EU	Amazon-Instant-Video-v4.06-NPEB00344				
http://nopsn.com/pkg/ps3/amazon/Amazon-Instant-Video-v4.06-						
%5BNPEB00344%5D-NoPSN.pkg			EP4183-NPEB00344_00-LOVEFILMFULL0100			
EP4183-NPEB00344_00-LOVEFILMFULL0100					57259136	
NPJB00773	JP	Amazon-Instant-Video-v4.06-NPJB00773				
http://nopsn.com/pkg/ps3/amazon/Amazon-Instant-Video-v4.06-						
%5BNPJB00773%5D-NoPSN.pkg			JA0011-NPJB00773_00-AMAZONVIDEOJAPAN			
JA0011-NPJB00773_00-AMAZONVIDEOJAPAN					58909264	
NPUP10021	US	Amazon-Video-v4.06-NPUP10021				
http://nopsn.com/pkg/ps3/amazon/Amazon-Instant-Video-v4.06-						
%5BNPUP10021%5D-NoPSN.pkg			UP2064-NPUP10021_00-AMAZONIVIDEO0100			
UP2064-NPUP10021_00-AMAZONIVIDEO0100					55096288	
